date_time,temperature,humidity,light
2025-10-13 00:00:00,21.75,78.18,0.0
2025-10-13 00:01:00,22.01,77.62,0.0
2025-10-13 00:02:00,21.66,78.55,0.0
2025-10-13 00:03:00,21.54,78.92,0.0
2025-10-13 00:04:00,21.61,78.91,0.0
2025-10-13 00:05:00,21.84,78.58,0.0
2025-10-13 00:06:00,22.0,77.43,0.0
2025-10-13 00:07:00,22.18,77.47,0.0
2025-10-13 00:08:00,21.94,77.33,0.0
2025-10-13 00:09:00,21.77,77.99,0.0
2025-10-13 00:10:00,21.84,77.8,0.0
2025-10-13 00:11:00,21.84,77.87,0.0
2025-10-13 00:12:00,21.61,78.83,0.0
2025-10-13 00:13:00,21.61,78.47,0.0
2025-10-13 00:14:00,21.9,78.01,0.0
2025-10-13 00:15:00,22.18,77.22,0.0
2025-10-13 00:16:00,22.16,76.93,0.0
2025-10-13 00:17:00,22.05,77.08,0.0
2025-10-13 00:18:00,22.22,76.49,0.0
2025-10-13 00:19:00,22.11,76.94,0.0
2025-10-13 00:20:00,21.94,77.71,0.0
2025-10-13 00:21:00,21.9,77.94,0.0
2025-10-13 00:22:00,22.06,76.83,0.0
2025-10-13 00:23:00,21.83,77.83,0.0
2025-10-13 00:24:00,21.93,77.81,0.0
2025-10-13 00:25:00,21.8,78.15,0.0
2025-10-13 00:26:00,21.93,77.75,0.0
2025-10-13 00:27:00,21.81,78.36,0.0
2025-10-13 00:28:00,21.75,78.22,0.0
2025-10-13 00:29:00,21.58,78.33,0.0
2025-10-13 00:30:00,21.58,78.58,0.0
2025-10-13 00:31:00,22.28,76.56,0.0
2025-10-13 00:32:00,21.95,77.62,0.0
2025-10-13 00:33:00,22.0,77.49,0.0
2025-10-13 00:34:00,21.58,78.66,0.0
2025-10-13 00:35:00,21.67,78.37,0.0
2025-10-13 00:36:00,21.7,78.37,0.0
2025-10-13 00:37:00,21.68,78.03,0.0
2025-10-13 00:38:00,21.67,78.21,0.0
2025-10-13 00:39:00,21.56,78.69,0.0
2025-10-13 00:40:00,21.7,78.37,0.0
2025-10-13 00:41:00,21.67,78.61,0.0
2025-10-13 00:42:00,21.5,78.55,0.0
2025-10-13 00:43:00,21.49,78.94,0.0
2025-10-13 00:44:00,21.61,78.41,0.0
2025-10-13 00:45:00,21.54,78.6,0.0
2025-10-13 00:46:00,21.6,78.48,0.0
2025-10-13 00:47:00,21.53,78.57,0.0
2025-10-13 00:48:00,21.42,79.08,0.0
2025-10-13 00:49:00,21.84,77.76,0.0
2025-10-13 00:50:00,21.83,78.15,0.0
2025-10-13 00:51:00,21.57,78.5,0.0
2025-10-13 00:52:00,21.53,78.67,0.0
2025-10-13 00:53:00,21.54,78.42,0.0
2025-10-13 00:54:00,21.71,78.23,0.0
2025-10-13 00:55:00,21.45,79.0,0.0
2025-10-13 00:56:00,21.49,78.62,0.0
2025-10-13 00:57:00,21.67,78.54,0.0
2025-10-13 00:58:00,21.54,78.49,0.0
2025-10-13 00:59:00,21.61,78.54,0.0
2025-10-13 01:00:00,21.43,78.76,0.0
2025-10-13 01:01:00,21.78,78.21,0.0
2025-10-13 01:02:00,21.64,77.97,0.0
2025-10-13 01:03:00,21.63,78.08,0.0
2025-10-13 01:04:00,21.75,77.87,0.0
2025-10-13 01:05:00,21.78,77.69,0.0
2025-10-13 01:06:00,21.73,77.71,0.0
2025-10-13 01:07:00,21.57,78.28,0.0
2025-10-13 01:08:00,21.98,77.31,0.0
2025-10-13 01:09:00,21.97,77.12,0.0
2025-10-13 01:10:00,21.74,77.76,0.0
2025-10-13 01:11:00,22.05,77.08,0.0
2025-10-13 01:12:00,21.97,77.08,0.0
2025-10-13 01:13:00,22.21,76.61,0.0
2025-10-13 01:14:00,21.75,77.51,0.0
2025-10-13 01:15:00,21.67,77.58,0.0
2025-10-13 01:16:00,21.51,78.37,0.0
2025-10-13 01:17:00,21.73,77.76,0.0
2025-10-13 01:18:00,21.45,78.72,0.0
2025-10-13 01:19:00,21.53,78.44,0.0
2025-10-13 01:20:00,21.57,78.69,0.0
2025-10-13 01:21:00,21.49,78.25,0.0
2025-10-13 01:22:00,21.54,78.35,0.0
2025-10-13 01:23:00,21.88,77.35,0.0
2025-10-13 01:24:00,21.78,77.64,0.0
2025-10-13 01:25:00,21.45,78.58,0.0
2025-10-13 01:26:00,21.39,78.94,0.0
2025-10-13 01:27:00,21.16,79.4,0.0
2025-10-13 01:28:00,21.08,79.74,0.0
2025-10-13 01:29:00,21.75,78.08,0.0
2025-10-13 01:30:00,21.09,79.92,0.0
2025-10-13 01:31:00,21.47,79.41,0.0
2025-10-13 01:32:00,21.85,77.9,0.0
2025-10-13 01:33:00,21.15,79.49,0.0
2025-10-13 01:34:00,21.46,78.66,0.0
2025-10-13 01:35:00,21.29,79.07,0.0
2025-10-13 01:36:00,21.08,80.23,0.0
2025-10-13 01:37:00,21.06,80.11,0.0
2025-10-13 01:38:00,21.26,79.47,0.0
2025-10-13 01:39:00,21.08,80.18,0.0
2025-10-13 01:40:00,21.03,80.22,0.0
2025-10-13 01:41:00,21.36,79.51,0.0
2025-10-13 01:42:00,21.29,79.12,0.0
2025-10-13 01:43:00,21.42,79.08,0.0
2025-10-13 01:44:00,21.13,79.74,0.0
2025-10-13 01:45:00,21.29,80.24,0.0
2025-10-13 01:46:00,21.05,80.49,0.0
2025-10-13 01:47:00,21.18,80.19,0.0
2025-10-13 01:48:00,21.06,80.28,0.0
2025-10-13 01:49:00,21.15,80.05,0.0
2025-10-13 01:50:00,21.36,79.64,0.0
2025-10-13 01:51:00,21.18,80.16,0.0
2025-10-13 01:52:00,21.29,79.51,0.0
2025-10-13 01:53:00,21.49,79.11,0.0
2025-10-13 01:54:00,21.18,80.04,0.0
2025-10-13 01:55:00,21.27,80.21,0.0
2025-10-13 01:56:00,21.35,79.65,0.0
2025-10-13 01:57:00,21.25,79.9,0.0
2025-10-13 01:58:00,21.2,80.06,0.0
2025-10-13 01:59:00,21.27,79.81,0.0
2025-10-13 02:00:00,21.4,79.65,0.0
2025-10-13 02:01:00,21.29,79.61,0.0
2025-10-13 02:02:00,21.26,79.81,0.0
2025-10-13 02:03:00,21.22,80.04,0.0
2025-10-13 02:04:00,21.42,79.19,0.0
2025-10-13 02:05:00,21.43,79.44,0.0
2025-10-13 02:06:00,21.05,80.15,0.0
2025-10-13 02:07:00,21.18,79.94,0.0
2025-10-13 02:08:00,20.94,80.71,0.0
2025-10-13 02:09:00,20.81,80.58,0.0
2025-10-13 02:10:00,20.67,81.19,0.0
2025-10-13 02:11:00,20.57,81.47,0.0
2025-10-13 02:12:00,20.55,81.62,0.0
2025-10-13 02:13:00,20.75,80.76,0.0
2025-10-13 02:14:00,21.09,79.82,0.0
2025-10-13 02:15:00,21.33,78.93,0.0
2025-10-13 02:16:00,20.74,80.62,0.0
2025-10-13 02:17:00,20.44,81.73,0.0
2025-10-13 02:18:00,20.6,81.37,0.0
2025-10-13 02:19:00,21.09,79.79,0.0
2025-10-13 02:20:00,21.02,79.86,0.0
2025-10-13 02:21:00,21.23,79.62,0.0
2025-10-13 02:22:00,21.71,78.14,0.0
2025-10-13 02:23:00,20.96,79.54,0.0
2025-10-13 02:24:00,20.84,80.69,0.0
2025-10-13 02:25:00,21.25,79.16,0.0
2025-10-13 02:26:00,21.19,79.44,0.0
2025-10-13 02:27:00,21.3,79.37,0.0
2025-10-13 02:28:00,21.43,78.47,0.0
2025-10-13 02:29:00,21.06,79.9,0.0
2025-10-13 02:30:00,20.87,80.37,0.0
2025-10-13 02:31:00,20.71,81.1,0.0
2025-10-13 02:32:00,20.91,81.0,0.0
2025-10-13 02:33:00,20.96,80.0,0.0
2025-10-13 02:34:00,20.98,80.24,0.0
2025-10-13 02:35:00,20.74,80.57,0.0
2025-10-13 02:36:00,20.74,81.01,0.0
2025-10-13 02:37:00,20.53,81.44,0.0
2025-10-13 02:38:00,20.67,81.12,0.0
2025-10-13 02:39:00,20.63,81.29,0.0
2025-10-13 02:40:00,20.54,81.51,0.0
2025-10-13 02:41:00,20.92,80.25,0.0
2025-10-13 02:42:00,20.41,81.53,0.0
2025-10-13 02:43:00,20.55,81.51,0.0
2025-10-13 02:44:00,20.63,81.21,0.0
2025-10-13 02:45:00,20.77,80.91,0.0
2025-10-13 02:46:00,20.68,81.17,0.0
2025-10-13 02:47:00,20.32,81.92,0.0
2025-10-13 02:48:00,20.03,82.82,0.0
2025-10-13 02:49:00,20.24,82.72,0.0
2025-10-13 02:50:00,20.85,79.97,0.0
2025-10-13 02:51:00,20.43,81.21,0.0
2025-10-13 02:52:00,20.29,82.01,0.0
2025-10-13 02:53:00,20.21,82.19,0.0
2025-10-13 02:54:00,19.92,82.74,0.0
2025-10-13 02:55:00,19.95,82.8,0.0
2025-10-13 02:56:00,19.74,83.38,0.0
2025-10-13 02:57:00,19.59,84.08,0.0
2025-10-13 02:58:00,19.54,84.35,0.0
2025-10-13 02:59:00,19.58,84.49,0.0
2025-10-13 03:00:00,19.67,84.01,0.0
2025-10-13 03:01:00,20.0,83.2,0.0
2025-10-13 03:02:00,19.83,83.62,0.0
2025-10-13 03:03:00,20.17,82.8,0.0
2025-10-13 03:04:00,20.14,82.4,0.0
2025-10-13 03:05:00,19.81,83.88,0.0
2025-10-13 03:06:00,19.85,84.04,0.0
2025-10-13 03:07:00,19.86,83.75,0.0
2025-10-13 03:08:00,19.81,84.01,0.0
2025-10-13 03:09:00,19.74,84.42,0.0
2025-10-13 03:10:00,19.83,84.17,0.0
2025-10-13 03:11:00,19.81,84.16,0.0
2025-10-13 03:12:00,19.79,84.16,0.0
2025-10-13 03:13:00,20.02,83.99,0.0
2025-10-13 03:14:00,20.65,81.71,0.0
2025-10-13 03:15:00,20.85,80.54,0.0
2025-10-13 03:16:00,20.75,81.24,0.0
2025-10-13 03:17:00,20.98,80.54,0.0
2025-10-13 03:18:00,21.23,79.21,0.0
2025-10-13 03:19:00,21.47,78.82,0.0
2025-10-13 03:20:00,21.08,79.9,0.0
2025-10-13 03:21:00,21.13,79.82,0.0
2025-10-13 03:22:00,20.43,81.95,0.0
2025-10-13 03:23:00,20.46,82.14,0.0
2025-10-13 03:24:00,20.45,82.24,0.0
2025-10-13 03:25:00,20.4,82.4,0.0
2025-10-13 03:26:00,20.24,82.69,0.0
2025-10-13 03:27:00,20.19,83.11,0.0
2025-10-13 03:28:00,20.46,82.67,0.0
2025-10-13 03:29:00,20.53,81.81,0.0
2025-10-13 03:30:00,20.72,81.47,0.0
2025-10-13 03:31:00,20.75,81.01,0.0
2025-10-13 03:32:00,20.45,81.72,0.0
2025-10-13 03:33:00,20.29,82.8,0.0
2025-10-13 03:34:00,20.19,82.88,0.0
2025-10-13 03:35:00,20.08,83.31,0.0
2025-10-13 03:36:00,20.55,82.25,0.0
2025-10-13 03:37:00,21.0,80.47,0.0
2025-10-13 03:38:00,20.7,80.99,0.0
2025-10-13 03:39:00,21.03,80.23,0.0
2025-10-13 03:40:00,20.75,81.0,0.0
2025-10-13 03:41:00,20.87,80.51,0.0
2025-10-13 03:42:00,21.02,80.48,0.0
2025-10-13 03:43:00,21.4,79.17,0.0
2025-10-13 03:44:00,21.19,79.36,0.0
2025-10-13 03:45:00,20.87,80.18,0.0
2025-10-13 03:46:00,21.13,80.05,0.0
2025-10-13 03:47:00,21.37,79.03,0.0
2025-10-13 03:48:00,20.98,80.21,0.0
2025-10-13 03:49:00,21.26,79.74,0.0
2025-10-13 03:50:00,21.3,79.32,0.0
2025-10-13 03:51:00,21.49,78.73,0.0
2025-10-13 03:52:00,21.15,78.94,0.0
2025-10-13 03:53:00,20.61,81.15,0.0
2025-10-13 03:54:00,20.74,80.9,0.0
2025-10-13 03:55:00,21.3,78.98,0.0
2025-10-13 03:56:00,21.05,79.64,0.0
2025-10-13 03:57:00,21.37,78.8,0.0
2025-10-13 03:58:00,21.13,79.36,0.0
2025-10-13 03:59:00,21.6,77.79,0.0
2025-10-13 04:00:00,21.23,79.19,0.0
2025-10-13 04:01:00,21.13,79.29,0.0
2025-10-13 04:02:00,21.5,78.35,0.0
2025-10-13 04:03:00,21.4,78.55,0.0
2025-10-13 04:04:00,21.0,79.22,0.0
2025-10-13 04:05:00,20.63,80.62,0.0
2025-10-13 04:06:00,20.84,80.32,0.0
2025-10-13 04:07:00,20.88,79.78,0.0
2025-10-13 04:08:00,20.84,80.19,0.0
2025-10-13 04:09:00,21.05,80.15,0.0
2025-10-13 04:10:00,20.88,80.26,0.0
2025-10-13 04:11:00,21.0,79.44,0.0
2025-10-13 04:12:00,21.09,79.29,0.0
2025-10-13 04:13:00,21.49,78.26,0.0
2025-10-13 04:14:00,21.46,78.26,0.0
2025-10-13 04:15:00,21.22,78.68,0.0
2025-10-13 04:16:00,21.5,77.78,0.0
2025-10-13 04:17:00,21.43,78.48,0.0
2025-10-13 04:18:00,21.47,77.93,0.0
2025-10-13 04:19:00,21.46,78.05,0.0
2025-10-13 04:20:00,20.95,79.22,0.0
2025-10-13 04:21:00,20.72,80.68,0.0
2025-10-13 04:22:00,21.43,78.61,0.0
2025-10-13 04:23:00,21.35,78.44,0.0
2025-10-13 04:24:00,21.36,78.6,0.0
2025-10-13 04:25:00,21.0,79.12,0.0
2025-10-13 04:26:00,20.92,79.76,0.0
2025-10-13 04:27:00,21.25,78.93,0.0
2025-10-13 04:28:00,21.33,78.83,0.0
2025-10-13 04:29:00,21.09,79.58,0.0
2025-10-13 04:30:00,21.39,78.89,0.0
2025-10-13 04:31:00,21.43,78.56,0.0
2025-10-13 04:32:00,21.57,78.22,0.0
2025-10-13 04:33:00,21.66,77.91,0.0
2025-10-13 04:34:00,21.47,77.92,0.0
2025-10-13 04:35:00,21.25,79.07,0.0
2025-10-13 04:36:00,20.67,80.91,0.0
2025-10-13 04:37:00,20.68,81.42,0.0
2025-10-13 04:38:00,21.25,79.83,0.0
2025-10-13 04:39:00,21.15,79.5,0.0
2025-10-13 04:40:00,21.3,79.36,0.0
2025-10-13 04:41:00,21.29,79.68,0.0
2025-10-13 04:42:00,21.66,78.58,0.0
2025-10-13 04:43:00,21.49,79.12,0.0
2025-10-13 04:44:00,21.51,78.9,0.0
2025-10-13 04:45:00,21.42,79.69,0.0
2025-10-13 04:46:00,21.36,79.49,0.0
2025-10-13 04:47:00,21.37,79.62,0.0
2025-10-13 04:48:00,21.25,80.23,0.0
2025-10-13 04:49:00,21.78,78.33,0.0
2025-10-13 04:50:00,21.37,79.98,0.0
2025-10-13 04:51:00,21.47,79.75,0.0
2025-10-13 04:52:00,21.7,78.91,0.0
2025-10-13 04:53:00,21.68,78.41,0.0
2025-10-13 04:54:00,21.6,78.65,0.0
2025-10-13 04:55:00,21.4,79.57,0.0
2025-10-13 04:56:00,21.3,80.0,0.0
2025-10-13 04:57:00,21.66,78.79,0.0
2025-10-13 04:58:00,21.98,78.16,0.0
2025-10-13 04:59:00,21.9,77.72,0.0
2025-10-13 05:00:00,21.61,79.33,0.0
2025-10-13 05:01:00,21.75,78.31,0.0
2025-10-13 05:02:00,21.3,79.66,0.0
2025-10-13 05:03:00,21.51,79.99,0.0
2025-10-13 05:04:00,21.12,80.33,0.0
2025-10-13 05:05:00,21.23,80.61,0.0
2025-10-13 05:06:00,21.23,80.62,0.0
2025-10-13 05:07:00,21.54,79.79,0.0
2025-10-13 05:08:00,21.63,79.12,0.0
2025-10-13 05:09:00,21.6,79.51,0.0
2025-10-13 05:10:00,21.26,80.48,0.0
2025-10-13 05:11:00,21.3,79.87,0.0
2025-10-13 05:12:00,21.3,80.93,0.0
2025-10-13 05:13:00,21.58,79.36,0.0
2025-10-13 05:14:00,20.96,81.33,0.0
2025-10-13 05:15:00,20.75,82.23,0.0
2025-10-13 05:16:00,20.54,82.73,0.0
2025-10-13 05:17:00,20.54,83.06,0.0
2025-10-13 05:18:00,20.61,82.9,0.0
2025-10-13 05:19:00,20.65,82.73,0.0
2025-10-13 05:20:00,20.5,82.82,0.0
2025-10-13 05:21:00,20.68,82.44,0.0
2025-10-13 05:22:00,20.71,82.18,0.0
2025-10-13 05:23:00,20.53,82.98,0.0
2025-10-13 05:24:00,20.55,82.94,0.0
2025-10-13 05:25:00,20.57,83.11,0.0
2025-10-13 05:26:00,20.64,82.75,0.0
2025-10-13 05:27:00,20.67,82.72,0.0
2025-10-13 05:28:00,21.13,81.42,0.0
2025-10-13 05:29:00,21.33,80.35,0.0
2025-10-13 05:30:00,20.99,81.71,0.0
2025-10-13 05:31:00,21.03,81.92,0.0
2025-10-13 05:32:00,21.09,81.65,0.0
2025-10-13 05:33:00,20.96,81.93,0.0
2025-10-13 05:34:00,21.0,81.94,0.0
2025-10-13 05:35:00,21.08,81.4,0.0
2025-10-13 05:36:00,21.02,81.54,0.0
2025-10-13 05:37:00,20.92,82.03,0.0
2025-10-13 05:38:00,21.4,80.46,0.0
2025-10-13 05:39:00,21.13,81.32,0.0
2025-10-13 05:40:00,21.58,80.23,0.0
2025-10-13 05:41:00,21.25,80.96,0.0
2025-10-13 05:42:00,21.19,81.46,0.0
2025-10-13 05:43:00,21.37,80.94,0.0
2025-10-13 05:44:00,21.16,81.48,0.0
2025-10-13 05:45:00,21.53,80.78,0.0
2025-10-13 05:46:00,21.42,80.55,0.0
2025-10-13 05:47:00,21.47,80.67,0.0
2025-10-13 05:48:00,21.35,80.99,0.0
2025-10-13 05:49:00,21.09,81.69,0.0
2025-10-13 05:50:00,21.02,82.15,0.0
2025-10-13 05:51:00,20.98,81.96,0.0
2025-10-13 05:52:00,20.85,82.53,0.0
2025-10-13 05:53:00,20.78,82.93,0.0
2025-10-13 05:54:00,20.77,83.02,0.0
2025-10-13 05:55:00,20.7,83.28,0.0
2025-10-13 05:56:00,20.71,83.27,0.0
2025-10-13 05:57:00,20.67,83.45,0.0
2025-10-13 05:58:00,21.16,82.08,0.0
2025-10-13 05:59:00,21.05,82.48,0.0
2025-10-13 06:00:00,21.16,81.89,0.0
2025-10-13 06:01:00,21.22,81.8,0.0
2025-10-13 06:02:00,21.45,81.18,0.0
2025-10-13 06:03:00,21.56,80.46,0.0
2025-10-13 06:04:00,20.87,82.7,0.0
2025-10-13 06:05:00,20.8,83.17,0.0
2025-10-13 06:06:00,20.58,83.95,0.0
2025-10-13 06:07:00,20.65,83.84,0.0
2025-10-13 06:08:00,20.67,83.7,0.0
2025-10-13 06:09:00,20.84,83.39,0.0
2025-10-13 06:10:00,20.78,83.58,0.0
2025-10-13 06:11:00,20.77,83.47,0.0
2025-10-13 06:12:00,20.7,83.69,0.0
2025-10-13 06:13:00,21.1,82.5,0.0
2025-10-13 06:14:00,20.96,82.33,0.0
2025-10-13 06:15:00,20.68,83.42,0.0
2025-10-13 06:16:00,20.65,83.91,0.0
2025-10-13 06:17:00,20.55,84.39,0.0
2025-10-13 06:18:00,20.44,84.67,0.0
2025-10-13 06:19:00,20.55,84.54,0.0
2025-10-13 06:20:00,20.39,84.81,0.0
2025-10-13 06:21:00,20.54,84.5,0.0
2025-10-13 06:22:00,20.51,,0.8
2025-10-13 06:23:00,20.58,,0.8
2025-10-13 06:24:00,20.39,,0.8
2025-10-13 06:25:00,20.61,,1.6
2025-10-13 06:26:00,20.81,,1.6
2025-10-13 06:27:00,20.99,83.32,2.5
2025-10-13 06:28:00,21.46,,2.5
2025-10-13 06:29:00,21.37,,3.3
2025-10-13 06:30:00,21.56,,4.1
2025-10-13 06:31:00,21.88,,4.1
2025-10-13 06:32:00,21.91,,5.0
2025-10-13 06:33:00,21.64,,6.6
2025-10-13 06:34:00,21.71,,7.4
2025-10-13 06:35:00,21.36,,8.3
2025-10-13 06:36:00,22.04,,10.0
2025-10-13 06:37:00,22.12,,10.8
2025-10-13 06:38:00,21.88,80.03,11.6
2025-10-13 06:39:00,22.02,79.79,12.4
2025-10-13 06:40:00,22.09,79.6,13.3
2025-10-13 06:41:00,21.74,80.29,14.9
2025-10-13 06:42:00,21.63,80.85,16.6
2025-10-13 06:43:00,22.0,79.75,18.3
2025-10-13 06:44:00,22.02,79.57,19.1
2025-10-13 06:45:00,21.81,79.98,21.6
2025-10-13 06:46:00,21.84,80.15,22.5
2025-10-13 06:47:00,21.83,80.55,22.5
2025-10-13 06:48:00,22.04,79.36,24.1
2025-10-13 06:49:00,21.49,81.18,26.6
2025-10-13 06:50:00,21.4,81.56,27.4
2025-10-13 06:51:00,21.32,81.8,27.4
2025-10-13 06:52:00,21.05,82.61,27.4
2025-10-13 06:53:00,21.16,82.61,29.1
2025-10-13 06:54:00,21.09,82.87,32.5
2025-10-13 06:55:00,21.3,82.29,39.1
2025-10-13 06:56:00,21.09,82.89,49.1
2025-10-13 06:57:00,21.19,83.01,61.6
2025-10-13 06:58:00,21.35,82.29,73.3
2025-10-13 06:59:00,21.57,81.73,84.1
2025-10-13 07:00:00,21.66,81.37,90.8
2025-10-13 07:01:00,22.12,80.47,95.0
2025-10-13 07:02:00,21.91,80.44,96.6
2025-10-13 07:03:00,22.36,79.67,98.3
2025-10-13 07:04:00,22.35,79.07,104.1
2025-10-13 07:05:00,22.31,79.04,116.6
2025-10-13 07:06:00,22.52,79.08,130.8
2025-10-13 07:07:00,22.36,79.21,143.3
2025-10-13 07:08:00,22.98,77.79,158.3
2025-10-13 07:09:00,22.93,77.56,173.3
2025-10-13 07:10:00,22.26,79.33,185.8
2025-10-13 07:11:00,22.71,78.41,193.3
2025-10-13 07:12:00,22.42,79.08,198.3
2025-10-13 07:13:00,22.57,79.29,199.9
2025-10-13 07:14:00,23.17,77.39,206.6
2025-10-13 07:15:00,22.77,77.78,222.4
2025-10-13 07:16:00,23.25,77.01,244.9
2025-10-13 07:17:00,23.25,77.1,266.6
2025-10-13 07:18:00,23.06,77.12,282.5
2025-10-13 07:19:00,22.6,78.61,295.8
2025-10-13 07:20:00,22.93,78.24,311.6
2025-10-13 07:21:00,23.1,77.65,330.0
2025-10-13 07:22:00,22.69,78.55,355.8
2025-10-13 07:23:00,23.12,77.74,385.8
2025-10-13 07:24:00,22.67,78.31,417.4
2025-10-13 07:25:00,22.81,78.82,437.4
2025-10-13 07:26:00,23.0,77.76,469.1
2025-10-13 07:27:00,22.83,78.37,490.8
2025-10-13 07:28:00,22.71,78.67,502.4
2025-10-13 07:29:00,22.73,78.5,509.1
2025-10-13 07:30:00,23.17,77.69,545.0
2025-10-13 07:31:00,23.0,77.96,584.1
2025-10-13 07:32:00,22.8,78.12,614.1
2025-10-13 07:33:00,22.88,78.51,641.6
2025-10-13 07:34:00,23.42,77.17,675.0
2025-10-13 07:35:00,23.7,76.33,724.1
2025-10-13 07:36:00,23.34,77.08,780.8
2025-10-13 07:37:00,22.94,78.01,853.3
2025-10-13 07:38:00,22.88,78.48,933.3
2025-10-13 07:39:00,23.04,77.66,1002.4
2025-10-13 07:40:00,23.22,77.33,1062.5
2025-10-13 07:41:00,23.42,77.15,1143.3
2025-10-13 07:42:00,23.25,77.65,1211.6
2025-10-13 07:43:00,23.19,77.67,1265.0
2025-10-13 07:44:00,23.22,77.55,1293.3
2025-10-13 07:45:00,23.29,77.16,1280.8
2025-10-13 07:46:00,23.25,77.92,1212.5
2025-10-13 07:47:00,23.46,77.06,1159.1
2025-10-13 07:48:00,23.99,75.44,1167.5
2025-10-13 07:49:00,23.58,76.87,1193.3
2025-10-13 07:50:00,23.53,77.12,1235.0
2025-10-13 07:51:00,24.01,75.79,1272.5
2025-10-13 07:52:00,23.93,76.06,1320.8
2025-10-13 07:53:00,24.07,75.12,1369.1
2025-10-13 07:54:00,23.76,76.36,1435.8
2025-10-13 07:55:00,23.83,76.43,1475.8
2025-10-13 07:56:00,24.44,74.36,1472.5
2025-10-13 07:57:00,24.35,74.74,1420.0
2025-10-13 07:58:00,24.11,75.68,1383.3
2025-10-13 07:59:00,24.66,74.16,1407.5
2025-10-13 08:00:00,24.22,75.25,1419.1
2025-10-13 08:01:00,24.57,74.26,1453.3
2025-10-13 08:02:00,24.01,75.81,1462.5
2025-10-13 08:03:00,24.24,75.47,1445.0
2025-10-13 08:04:00,24.48,75.01,1448.3
2025-10-13 08:05:00,24.3,75.11,1444.1
2025-10-13 08:06:00,24.21,75.37,1435.8
2025-10-13 08:07:00,24.99,73.58,1437.5
2025-10-13 08:08:00,24.86,73.65,1434.1
2025-10-13 08:09:00,24.2,75.05,1429.1
2025-10-13 08:10:00,25.06,73.6,1402.5
2025-10-13 08:11:00,24.85,73.56,1365.8
2025-10-13 08:12:00,25.16,73.05,1348.3
2025-10-13 08:13:00,24.85,73.29,1390.0
2025-10-13 08:14:00,24.87,73.56,1498.3
2025-10-13 08:15:00,24.64,74.06,1653.3
2025-10-13 08:16:00,25.07,73.39,1799.9
2025-10-13 08:17:00,25.57,71.98,1879.1
2025-10-13 08:18:00,24.85,73.31,1915.8
2025-10-13 08:19:00,25.34,72.08,1949.1
2025-10-13 08:20:00,24.86,73.44,2012.4
2025-10-13 08:21:00,24.99,72.97,2009.9
2025-10-13 08:22:00,25.6,71.87,2014.9
2025-10-13 08:23:00,25.19,72.19,2050.8
2025-10-13 08:24:00,25.1,73.22,1966.6
2025-10-13 08:25:00,24.97,72.53,2007.4
2025-10-13 08:26:00,24.58,74.11,2055.8
2025-10-13 08:27:00,25.4,72.14,2091.6
2025-10-13 08:28:00,25.23,71.99,2077.5
2025-10-13 08:29:00,24.66,73.62,2040.8
2025-10-13 08:30:00,24.79,74.01,2015.8
2025-10-13 08:31:00,25.27,72.33,1851.6
2025-10-13 08:32:00,25.1,73.01,1680.8
2025-10-13 08:33:00,25.81,71.04,1549.1
2025-10-13 08:34:00,25.17,72.51,1445.0
2025-10-13 08:35:00,25.81,71.56,1343.3
2025-10-13 08:36:00,25.77,71.12,1264.1
2025-10-13 08:37:00,26.1,70.97,1208.3
2025-10-13 08:38:00,25.86,71.53,1140.0
2025-10-13 08:39:00,25.67,71.79,1059.1
2025-10-13 08:40:00,25.55,72.06,986.6
2025-10-13 08:41:00,26.39,70.55,933.3
2025-10-13 08:42:00,25.96,71.54,904.9
2025-10-13 08:43:00,25.77,71.98,863.3
2025-10-13 08:44:00,25.3,72.66,829.1
2025-10-13 08:45:00,25.81,71.8,842.4
2025-10-13 08:46:00,26.06,71.01,899.9
2025-10-13 08:47:00,26.12,71.08,993.3
2025-10-13 08:48:00,25.72,71.94,1080.8
2025-10-13 08:49:00,25.85,71.87,1080.8
2025-10-13 08:50:00,26.13,71.6,1005.8
2025-10-13 08:51:00,26.33,70.89,934.1
2025-10-13 08:52:00,26.36,70.64,933.3
2025-10-13 08:53:00,25.58,72.26,1011.6
2025-10-13 08:54:00,25.33,73.22,1123.3
2025-10-13 08:55:00,25.14,73.5,1195.8
2025-10-13 08:56:00,26.2,71.24,1217.5
2025-10-13 08:57:00,25.17,72.99,1160.0
2025-10-13 08:58:00,25.52,72.51,1042.5
2025-10-13 08:59:00,25.72,72.44,932.4
2025-10-13 09:00:00,25.48,72.67,881.6
2025-10-13 09:01:00,25.3,73.11,915.8
2025-10-13 09:02:00,25.17,73.44,1068.3
2025-10-13 09:03:00,25.6,72.65,1308.3
2025-10-13 09:04:00,25.16,73.94,1554.9
2025-10-13 09:05:00,25.99,72.01,1746.6
2025-10-13 09:06:00,25.81,72.3,1855.8
2025-10-13 09:07:00,25.1,73.78,1870.8
2025-10-13 09:08:00,25.62,72.97,1860.8
2025-10-13 09:09:00,25.68,72.75,1886.6
2025-10-13 09:10:00,25.75,72.83,1974.9
2025-10-13 09:11:00,25.68,72.87,2090.8
2025-10-13 09:12:00,25.26,73.74,2197.5
2025-10-13 09:13:00,25.99,72.37,2296.6
2025-10-13 09:14:00,25.92,71.81,2320.0
2025-10-13 09:15:00,25.86,72.42,2259.1
2025-10-13 09:16:00,26.09,72.0,2044.1
2025-10-13 09:17:00,26.78,70.15,1897.4
2025-10-13 09:18:00,26.74,69.99,1863.3
2025-10-13 09:19:00,27.01,69.54,1917.4
2025-10-13 09:20:00,26.91,69.94,2042.4
2025-10-13 09:21:00,26.92,69.66,2142.5
2025-10-13 09:22:00,26.73,70.71,2149.1
2025-10-13 09:23:00,26.98,70.12,2105.8
2025-10-13 09:24:00,26.81,69.81,2047.4
2025-10-13 09:25:00,27.18,69.98,1989.9
2025-10-13 09:26:00,27.46,69.23,1970.8
2025-10-13 09:27:00,27.16,69.57,1970.8
2025-10-13 09:28:00,27.06,69.44,1930.8
2025-10-13 09:29:00,26.92,69.94,1824.1
2025-10-13 09:30:00,27.43,69.22,1693.3
2025-10-13 09:31:00,27.57,68.89,
2025-10-13 09:32:00,27.26,69.15,
2025-10-13 09:33:00,27.23,69.35,
2025-10-13 09:34:00,27.8,68.44,
2025-10-13 09:35:00,27.76,68.71,
2025-10-13 09:36:00,28.05,67.87,
2025-10-13 09:37:00,28.09,67.92,
2025-10-13 09:38:00,27.96,67.99,
2025-10-13 09:39:00,27.63,69.03,
2025-10-13 09:40:00,27.73,68.62,
2025-10-13 09:41:00,27.5,68.91,
2025-10-13 09:42:00,27.74,69.26,
2025-10-13 09:44:00,27.98,68.51,
2025-10-13 09:44:00,28.0,67.99,
2025-10-13 09:46:00,27.59,69.12,
2025-10-13 09:47:00,27.94,68.01,2077.5
2025-10-13 09:48:00,28.26,67.83,2010.8
2025-10-13 09:49:00,27.87,67.62,1854.9
2025-10-13 09:50:00,28.04,67.47,1672.4
2025-10-13 09:51:00,28.39,67.57,1614.9
2025-10-13 09:52:00,28.64,66.82,1664.1
2025-10-13 09:53:00,28.28,67.22,1688.3
2025-10-13 09:54:00,28.25,67.37,1659.9
2025-10-13 09:55:00,28.04,67.48,1646.6
2025-10-13 09:56:00,27.73,68.47,1641.6
2025-10-13 09:57:00,28.53,67.44,1618.3
2025-10-13 09:58:00,28.57,67.06,1576.6
2025-10-13 09:59:00,28.39,67.39,1522.5
2025-10-13 10:00:00,28.34,67.55,1472.5
2025-10-13 10:01:00,28.01,67.89,1420.8
2025-10-13 10:02:00,28.0,67.92,1360.8
2025-10-13 10:03:00,27.93,68.12,1284.1
2025-10-13 10:04:00,28.09,68.19,1200.8
2025-10-13 10:05:00,28.19,68.01,1115.8
2025-10-13 10:06:00,28.73,66.35,1025.0
2025-10-13 10:07:00,28.12,67.94,924.1
2025-10-13 10:08:00,27.98,67.98,834.9
2025-10-13 10:09:00,28.41,67.71,795.8
2025-10-13 10:10:00,27.93,68.3,799.9
2025-10-13 10:11:00,28.34,67.35,797.4
2025-10-13 10:12:00,28.32,67.62,789.9
2025-10-13 10:13:00,28.26,67.58,774.1
2025-10-13 10:14:00,27.57,69.36,753.3
2025-10-13 10:15:00,28.42,67.79,735.0
2025-10-13 10:16:00,28.51,67.72,701.6
2025-10-13 10:17:00,27.49,69.67,690.8
2025-10-13 10:18:00,27.77,69.69,713.3
2025-10-13 10:19:00,27.9,68.93,724.1
2025-10-13 10:20:00,28.09,68.62,688.3
2025-10-13 10:21:00,27.74,69.9,612.5
2025-10-13 10:22:00,27.8,69.78,513.3
2025-10-13 10:23:00,27.57,70.29,412.4
2025-10-13 10:24:00,27.53,70.36,339.1
2025-10-13 10:25:00,27.13,71.12,290.8
2025-10-13 10:26:00,27.46,71.0,260.0
2025-10-13 10:27:00,27.43,71.01,249.1
2025-10-13 10:28:00,27.31,71.24,262.5
2025-10-13 10:29:00,27.01,71.82,300.0
2025-10-13 10:30:00,26.73,72.62,278.3
2025-10-13 10:31:00,26.8,72.66,190.0
2025-10-13 10:32:00,26.67,73.42,142.5
2025-10-13 10:33:00,26.92,72.4,152.5
2025-10-13 10:34:00,27.05,72.26,169.1
2025-10-13 10:35:00,26.39,73.76,171.6
2025-10-13 10:36:00,26.36,74.01,167.5
2025-10-13 10:37:00,26.32,74.29,171.6
2025-10-13 10:38:00,26.67,73.08,196.6
2025-10-13 10:39:00,25.96,75.04,260.0
2025-10-13 10:40:00,25.95,75.06,380.8
2025-10-13 10:41:00,25.55,76.26,472.4
2025-10-13 10:42:00,25.37,76.83,573.3
2025-10-13 10:43:00,25.06,77.31,685.0
2025-10-13 10:44:00,25.52,76.6,658.3
2025-10-13 10:45:00,24.99,77.75,642.5
2025-10-13 10:46:00,25.02,77.9,660.0
2025-10-13 10:47:00,25.78,76.44,651.6
2025-10-13 10:48:00,25.44,77.0,670.0
2025-10-13 10:49:00,25.27,77.12,693.3
2025-10-13 10:50:00,25.54,77.0,712.5
2025-10-13 10:51:00,25.61,76.87,743.3
2025-10-13 10:52:00,26.41,74.54,804.1
2025-10-13 10:53:00,26.02,75.68,889.1
2025-10-13 10:54:00,26.22,75.41,1071.6
2025-10-13 10:55:00,26.81,73.47,1187.5
2025-10-13 10:56:00,26.08,75.44,1155.0
2025-10-13 10:57:00,25.84,76.51,1139.1
2025-10-13 10:58:00,25.84,76.69,1127.5
2025-10-13 10:59:00,26.46,75.69,1112.5
2025-10-13 11:00:00,26.08,75.9,1095.8
2025-10-13 11:01:00,25.92,76.64,1055.0
2025-10-13 11:02:00,26.83,74.17,990.8
2025-10-13 11:03:00,26.77,74.57,908.3
2025-10-13 11:04:00,26.98,74.44,803.3
2025-10-13 11:05:00,26.36,75.44,629.1
2025-10-13 11:06:00,26.29,75.81,578.3
2025-10-13 11:07:00,26.58,75.42,638.3
2025-10-13 11:08:00,26.71,75.33,783.3
2025-10-13 11:09:00,26.73,74.67,897.4
2025-10-13 11:10:00,27.03,73.87,887.4
2025-10-13 11:11:00,26.56,75.47,844.1
2025-10-13 11:12:00,26.48,75.76,755.8
2025-10-13 11:13:00,27.18,74.18,691.6
2025-10-13 11:14:00,26.53,75.54,645.8
2025-10-13 11:15:00,26.65,75.15,669.1
2025-10-13 11:16:00,27.36,73.64,741.6
2025-10-13 11:17:00,27.12,73.99,824.1
2025-10-13 11:18:00,27.59,72.83,894.1
2025-10-13 11:19:00,27.54,72.69,923.3
2025-10-13 11:20:00,27.7,72.6,910.8
2025-10-13 11:21:00,27.33,73.51,912.4
2025-10-13 11:22:00,27.47,73.69,945.8
2025-10-13 11:23:00,27.5,73.0,1053.3
2025-10-13 11:24:00,27.7,73.17,1209.1
2025-10-13 11:25:00,27.22,74.15,1356.6
2025-10-13 11:26:00,27.31,73.74,1597.4
2025-10-13 11:27:00,27.78,72.68,1887.4
2025-10-13 11:28:00,27.97,72.57,1978.3
2025-10-13 11:29:00,28.09,72.36,1904.9
2025-10-13 11:30:00,28.19,71.69,1693.3
2025-10-13 11:31:00,28.21,71.67,1364.1
2025-10-13 11:32:00,28.31,71.68,1110.0
2025-10-13 11:33:00,28.31,71.98,944.1
2025-10-13 11:34:00,28.34,71.86,814.9
2025-10-13 11:35:00,28.41,71.74,684.1
2025-10-13 11:36:00,28.42,71.55,580.0
2025-10-13 11:37:00,28.44,71.62,550.0
2025-10-13 11:38:00,28.44,71.56,570.8
2025-10-13 11:39:00,28.45,71.78,539.1
2025-10-13 11:40:00,28.49,71.4,523.3
2025-10-13 11:41:00,28.52,71.22,541.6
2025-10-13 11:42:00,28.52,71.35,546.6
2025-10-13 11:43:00,28.52,71.4,523.3
2025-10-13 11:44:00,28.53,71.61,540.0
2025-10-13 11:45:00,28.53,71.23,592.5
2025-10-13 11:46:00,28.55,70.75,565.8
2025-10-13 11:47:00,28.42,70.87,504.9
2025-10-13 11:48:00,28.28,71.44,505.8
2025-10-13 11:49:00,28.25,71.44,509.9
2025-10-13 11:50:00,28.41,71.24,489.9
2025-10-13 11:51:00,28.52,71.58,465.8
2025-10-13 11:52:00,28.57,71.64,488.3
2025-10-13 11:53:00,28.56,71.8,566.6
2025-10-13 11:54:00,28.57,72.03,657.5
2025-10-13 11:55:00,28.57,72.03,767.5
2025-10-13 11:56:00,28.62,72.08,987.4
2025-10-13 11:57:00,28.57,72.01,1272.5
2025-10-13 11:58:00,28.62,71.8,1487.5
2025-10-13 11:59:00,28.67,71.75,1570.8
2025-10-13 12:00:00,28.6,71.94,1537.4
2025-10-13 12:01:00,28.67,71.78,1385.0
2025-10-13 12:02:00,28.64,71.79,1300.0
2025-10-13 12:03:00,28.74,71.94,1377.5
2025-10-13 12:04:00,28.76,72.12,1475.0
2025-10-13 12:05:00,28.82,72.12,1569.1
2025-10-13 12:06:00,28.83,71.98,1714.1
2025-10-13 12:07:00,28.87,71.87,1596.6
2025-10-13 12:08:00,28.9,71.58,1210.0
2025-10-13 12:09:00,28.9,71.15,925.8
2025-10-13 12:10:00,28.96,71.21,831.6
2025-10-13 12:11:00,28.94,71.32,840.8
2025-10-13 12:12:00,28.99,71.35,885.8
2025-10-13 12:13:00,29.0,71.72,910.8
2025-10-13 12:14:00,28.99,71.81,958.3
2025-10-13 12:15:00,28.97,71.76,1067.5
2025-10-13 12:16:00,29.03,71.15,1201.6
2025-10-13 12:17:00,29.07,71.03,1331.6
2025-10-13 12:18:00,29.08,71.11,1425.8
2025-10-13 12:19:00,29.11,71.1,1372.5
2025-10-13 12:20:00,29.17,71.26,1252.5
2025-10-13 12:21:00,29.18,71.21,1125.0
2025-10-13 12:22:00,29.2,71.29,1000.8
2025-10-13 12:23:00,29.21,71.33,952.4
2025-10-13 12:24:00,29.22,71.32,883.3
2025-10-13 12:25:00,29.22,71.08,777.4
2025-10-13 12:26:00,29.24,71.17,743.3
2025-10-13 12:27:00,29.25,70.92,779.1
2025-10-13 12:28:00,29.24,70.94,864.1
2025-10-13 12:29:00,29.25,70.76,935.8
2025-10-13 12:30:00,29.29,70.36,972.4
2025-10-13 12:31:00,29.31,70.33,964.9
2025-10-13 12:32:00,29.32,70.25,934.1
2025-10-13 12:33:00,29.35,70.19,873.3
2025-10-13 12:34:00,29.35,70.29,843.3
2025-10-13 12:35:00,29.39,70.3,900.8
2025-10-13 12:36:00,29.38,70.44,1051.6
2025-10-13 12:37:00,29.41,70.23,1141.6
2025-10-13 12:38:00,29.42,70.1,1059.1
2025-10-13 12:39:00,29.41,70.15,914.1
2025-10-13 12:40:00,29.47,70.61,864.9
2025-10-13 12:41:00,29.44,70.93,889.1
2025-10-13 12:42:00,29.44,70.57,896.6
2025-10-13 12:43:00,29.45,70.14,909.1
2025-10-13 12:44:00,29.48,70.14,924.1
2025-10-13 12:45:00,29.47,70.35,925.8
2025-10-13 12:46:00,29.52,70.23,863.3
2025-10-13 12:47:00,29.51,70.4,771.6
2025-10-13 12:48:00,29.51,70.69,714.1
2025-10-13 12:49:00,29.51,70.64,715.8
2025-10-13 12:50:00,29.52,70.64,751.6
2025-10-13 12:51:00,29.51,70.44,776.6
2025-10-13 12:52:00,29.49,70.57,811.6
2025-10-13 12:53:00,29.52,70.66,841.6
2025-10-13 12:54:00,29.54,70.51,774.9
2025-10-13 12:55:00,29.52,70.46,652.5
2025-10-13 12:56:00,29.54,70.73,545.8
2025-10-13 12:57:00,29.48,71.0,504.9
2025-10-13 12:58:00,29.49,70.81,518.3
2025-10-13 12:59:00,29.49,70.83,540.0
2025-10-13 13:00:00,29.54,71.04,570.8
2025-10-13 13:01:00,29.52,71.0,628.3
2025-10-13 13:02:00,29.52,71.08,652.5
2025-10-13 13:03:00,29.54,70.94,675.8
2025-10-13 13:04:00,29.54,71.0,736.6
2025-10-13 13:05:00,29.51,70.93,835.8
2025-10-13 13:06:00,29.54,70.86,868.3
2025-10-13 13:07:00,29.55,70.83,799.9
2025-10-13 13:08:00,29.55,70.81,760.8
2025-10-13 13:09:00,29.54,71.08,747.5
2025-10-13 13:10:00,29.52,71.11,715.8
2025-10-13 13:11:00,29.54,71.08,710.8
2025-10-13 13:12:00,29.54,71.05,694.1
2025-10-13 13:13:00,,70.85,647.5
2025-10-13 13:14:00,,71.12,625.0
2025-10-13 13:15:00,,71.33,602.5
2025-10-13 13:16:00,,71.46,552.5
2025-10-13 13:17:00,,71.35,508.3
2025-10-13 13:18:00,,71.57,493.3
2025-10-13 13:19:00,,71.64,501.6
2025-10-13 13:20:00,,71.5,501.6
2025-10-13 13:21:00,,71.76,469.1
2025-10-13 13:22:00,,72.05,468.3
2025-10-13 13:23:00,,72.21,597.5
2025-10-13 13:24:00,,72.14,838.3
2025-10-13 13:25:00,,72.12,918.3
2025-10-13 13:26:00,,72.22,856.6
2025-10-13 13:27:00,,72.18,810.8
2025-10-13 13:28:00,29.45,72.07,747.5
2025-10-13 13:29:00,29.48,72.35,802.4
2025-10-13 13:30:00,29.47,72.5,849.1
2025-10-13 13:31:00,29.38,72.68,791.6
2025-10-13 13:32:00,29.32,72.33,717.5
2025-10-13 13:33:00,29.47,72.5,634.1
2025-10-13 13:34:00,29.47,72.33,599.1
2025-10-13 13:35:00,29.37,71.78,565.8
2025-10-13 13:36:00,29.28,71.87,519.1
2025-10-13 13:37:00,29.22,72.58,529.1
2025-10-13 13:38:00,28.96,73.06,582.5
2025-10-13 13:39:00,29.24,71.58,665.8
2025-10-13 13:40:00,29.27,71.51,817.4
2025-10-13 13:41:00,29.21,71.73,896.6
2025-10-13 13:42:00,29.25,71.5,914.9
2025-10-13 13:43:00,29.21,71.44,939.9
2025-10-13 13:44:00,29.15,71.71,1020.8
2025-10-13 13:45:00,29.21,71.8,1087.5
2025-10-13 13:46:00,29.24,71.8,1170.8
2025-10-13 13:47:00,28.8,71.85,1291.6
2025-10-13 13:48:00,29.01,71.54,1427.5
2025-10-13 13:49:00,28.91,71.65,1584.9
2025-10-13 13:50:00,28.79,71.99,1485.0
2025-10-13 13:51:00,29.07,71.51,1404.1
2025-10-13 13:52:00,29.1,71.42,1480.8
2025-10-13 13:53:00,29.01,71.49,1594.9
2025-10-13 13:54:00,29.04,71.44,1577.4
2025-10-13 13:55:00,28.63,71.87,1170.8
2025-10-13 13:56:00,28.9,71.41,806.6
2025-10-13 13:57:00,28.96,70.94,620.0
2025-10-13 13:58:00,29.1,70.4,560.0
2025-10-13 13:59:00,28.73,70.46,566.6
2025-10-13 14:00:00,28.86,70.54,592.5
2025-10-13 14:01:00,28.79,70.5,574.1
2025-10-13 14:02:00,28.99,70.55,518.3
2025-10-13 14:03:00,28.94,70.64,528.3
2025-10-13 14:04:00,28.9,70.67,654.1
2025-10-13 14:05:00,28.63,70.87,831.6
2025-10-13 14:06:00,28.53,71.11,952.4
2025-10-13 14:07:00,28.74,70.75,961.6
2025-10-13 14:08:00,28.8,70.73,853.3
2025-10-13 14:09:00,28.79,70.83,877.4
2025-10-13 14:10:00,28.84,70.78,1011.6
2025-10-13 14:11:00,28.77,70.75,1123.3
2025-10-13 14:12:00,28.91,70.46,1205.0
2025-10-13 14:13:00,28.86,70.62,1221.6
2025-10-13 14:14:00,28.67,70.75,1160.8
2025-10-13 14:15:00,28.9,70.32,1107.5
2025-10-13 14:16:00,28.91,70.12,1165.0
2025-10-13 14:17:00,28.97,70.36,1233.3
2025-10-13 14:18:00,29.0,70.24,1233.3
2025-10-13 14:19:00,28.83,70.44,1185.8
2025-10-13 14:20:00,28.31,71.96,1045.0
2025-10-13 14:21:00,28.6,71.41,925.8
2025-10-13 14:22:00,28.64,71.12,837.4
2025-10-13 14:23:00,28.45,71.35,746.6
2025-10-13 14:24:00,28.9,70.62,706.6
2025-10-13 14:25:00,28.96,70.29,727.5
2025-10-13 14:26:00,28.67,70.75,751.6
2025-10-13 14:27:00,28.82,70.33,826.6
2025-10-13 14:28:00,28.57,70.83,944.9
2025-10-13 14:29:00,28.64,71.06,1087.5
2025-10-13 14:30:00,28.59,71.12,1185.0
2025-10-13 14:31:00,28.84,70.53,1367.5
2025-10-13 14:32:00,28.96,70.24,1544.9
2025-10-13 14:33:00,28.76,70.36,1724.1
2025-10-13 14:34:00,28.86,70.47,1716.6
2025-10-13 14:35:00,28.73,70.73,1545.8
2025-10-13 14:36:00,28.44,71.28,1266.6
2025-10-13 14:37:00,28.67,70.97,909.1
2025-10-13 14:38:00,28.7,71.3,758.3
2025-10-13 14:39:00,28.93,70.69,794.1
2025-10-13 14:40:00,29.12,70.23,906.6
2025-10-13 14:41:00,29.14,70.33,955.8
2025-10-13 14:42:00,28.84,70.33,1001.6
2025-10-13 14:43:00,29.03,70.01,859.1
2025-10-13 14:44:00,29.1,69.82,693.3
2025-10-13 14:45:00,28.97,70.17,619.1
2025-10-13 14:46:00,29.07,69.99,578.3
2025-10-13 14:47:00,28.82,70.51,565.8
2025-10-13 14:48:00,29.11,70.1,585.0
2025-10-13 14:49:00,29.03,70.18,643.3
2025-10-13 14:50:00,29.12,70.01,790.8
2025-10-13 14:51:00,29.04,69.87,902.4
2025-10-13 14:52:00,29.14,69.76,850.8
2025-10-13 14:53:00,28.62,70.57,881.6
2025-10-13 14:54:00,29.06,69.76,989.1
2025-10-13 14:55:00,29.04,69.69,1091.6
2025-10-13 14:56:00,28.7,70.47,1216.6
2025-10-13 14:57:00,29.04,70.08,1137.5
2025-10-13 14:58:00,28.67,70.3,848.3
2025-10-13 14:59:00,28.12,71.85,655.0
2025-10-13 15:00:00,28.18,71.72,718.3
2025-10-13 15:01:00,28.28,71.14,966.6
2025-10-13 15:02:00,28.41,71.87,1080.0
2025-10-13 15:03:00,28.72,71.12,969.1
2025-10-13 15:04:00,29.11,69.9,892.4
2025-10-13 15:05:00,28.99,70.08,985.8
2025-10-13 15:06:00,29.14,69.87,1066.6
2025-10-13 15:07:00,29.21,69.79,923.3
2025-10-13 15:08:00,29.27,69.43,789.1
2025-10-13 15:09:00,29.2,69.54,757.5
2025-10-13 15:10:00,28.74,70.22,762.5
2025-10-13 15:11:00,28.62,70.49,848.3
2025-10-13 15:12:00,28.64,70.48,937.4
2025-10-13 15:13:00,28.66,70.54,1035.8
2025-10-13 15:14:00,28.55,70.67,1049.1
2025-10-13 15:15:00,28.84,70.49,1034.1
2025-10-13 15:16:00,28.97,69.71,909.9
2025-10-13 15:17:00,28.8,70.48,894.9
2025-10-13 15:18:00,28.35,71.14,937.4
2025-10-13 15:19:00,28.32,71.62,967.4
2025-10-13 15:20:00,28.62,70.81,877.4
2025-10-13 15:21:00,28.62,70.65,808.3
2025-10-13 15:22:00,28.17,71.55,842.4
2025-10-13 15:23:00,28.46,70.69,886.6
2025-10-13 15:24:00,28.74,70.17,844.9
2025-10-13 15:25:00,28.55,70.64,786.6
2025-10-13 15:26:00,28.57,70.83,776.6
2025-10-13 15:27:00,28.97,69.79,725.8
2025-10-13 15:28:00,28.64,70.58,665.8
2025-10-13 15:29:00,28.6,70.81,684.1
2025-10-13 15:30:00,28.69,70.08,779.1
2025-10-13 15:31:00,28.17,71.61,890.8
2025-10-13 15:32:00,28.62,70.94,811.6
2025-10-13 15:33:00,28.44,70.14,742.5
2025-10-13 15:34:00,28.57,69.94,741.6
2025-10-13 15:35:00,27.97,71.83,776.6
2025-10-13 15:36:00,27.91,72.25,859.1
2025-10-13 15:37:00,28.45,70.51,850.8
2025-10-13 15:38:00,28.67,70.28,796.6
2025-10-13 15:39:00,28.93,69.82,746.6
2025-10-13 15:40:00,29.0,69.37,705.0
2025-10-13 15:41:00,29.03,69.51,690.8
2025-10-13 15:42:00,29.01,69.5,729.1
2025-10-13 15:43:00,29.04,69.61,812.4
2025-10-13 15:44:00,29.11,69.87,874.9
2025-10-13 15:45:00,28.91,69.96,864.1
2025-10-13 15:46:00,28.87,70.62,868.3
2025-10-13 15:47:00,28.89,70.14,950.8
2025-10-13 15:48:00,28.89,70.26,1061.6
2025-10-13 15:49:00,28.99,69.8,1127.5
2025-10-13 15:50:00,28.76,70.89,1260.8
2025-10-13 15:51:00,28.97,69.86,1526.6
2025-10-13 15:52:00,29.14,69.72,1728.3
2025-10-13 15:53:00,29.14,69.19,1810.8
2025-10-13 15:54:00,29.12,69.48,1699.9
2025-10-13 15:55:00,28.94,69.98,1440.0
2025-10-13 15:56:00,28.73,70.51,1205.8
2025-10-13 15:57:00,29.03,69.42,1090.0
2025-10-13 15:58:00,29.15,69.05,1102.5
2025-10-13 15:59:00,29.06,69.26,1207.5
2025-10-13 16:00:00,28.62,70.4,1175.0
2025-10-13 16:01:00,28.82,69.61,1037.5
2025-10-13 16:02:00,28.8,70.07,929.1
2025-10-13 16:03:00,29.03,69.69,921.6
2025-10-13 16:04:00,28.93,69.44,1035.0
2025-10-13 16:05:00,28.46,70.55,1170.8
2025-10-13 16:06:00,28.64,70.19,1168.3
2025-10-13 16:07:00,29.1,68.86,1060.8
2025-10-13 16:08:00,29.03,69.11,1019.9
2025-10-13 16:09:00,29.17,68.76,1077.5
2025-10-13 16:10:00,29.06,69.16,1141.6
2025-10-13 16:11:00,29.06,69.08,1068.3
2025-10-13 16:12:00,29.08,68.91,939.9
2025-10-13 16:13:00,29.17,68.92,860.8
2025-10-13 16:14:00,29.22,68.73,844.1
2025-10-13 16:15:00,29.41,68.28,870.8
2025-10-13 16:16:00,29.28,68.82,838.3
2025-10-13 16:17:00,29.08,68.89,765.0
2025-10-13 16:18:00,28.96,69.64,735.8
2025-10-13 16:19:00,29.35,68.07,671.6
2025-10-13 16:20:00,28.42,70.22,548.3
2025-10-13 16:21:00,28.45,70.51,439.9
2025-10-13 16:22:00,28.59,70.32,371.6
2025-10-13 16:23:00,28.84,69.55,330.0
2025-10-13 16:24:00,28.44,70.23,308.3
2025-10-13 16:25:00,28.0,71.35,284.1
2025-10-13 16:26:00,28.19,71.1,277.5
2025-10-13 16:27:00,28.35,70.78,294.1
2025-10-13 16:28:00,28.31,70.62,325.0
2025-10-13 16:29:00,28.14,70.99,336.6
2025-10-13 16:30:00,27.83,72.06,350.8
2025-10-13 16:31:00,28.04,71.51,343.3
2025-10-13 16:32:00,28.41,70.74,323.3
2025-10-13 16:33:00,28.67,70.01,284.1
2025-10-13 16:34:00,28.28,70.35,270.0
2025-10-13 16:35:00,28.69,69.51,273.3
2025-10-13 16:36:00,27.9,71.44,274.1
2025-10-13 16:37:00,27.6,72.37,275.0
2025-10-13 16:38:00,27.35,73.5,305.0
2025-10-13 16:39:00,27.35,73.37,338.3
2025-10-13 16:40:00,27.25,73.83,370.8
2025-10-13 16:41:00,27.26,73.51,414.9
2025-10-13 16:42:00,27.59,72.62,471.6
2025-10-13 16:43:00,27.47,72.99,528.3
2025-10-13 16:44:00,27.71,72.31,570.8
2025-10-13 16:45:00,27.43,72.87,595.8
2025-10-13 16:46:00,27.4,73.41,592.5
2025-10-13 16:47:00,27.42,73.05,562.5
2025-10-13 16:48:00,27.46,73.26,525.0
2025-10-13 16:49:00,27.88,72.19,484.1
2025-10-13 16:50:00,27.81,72.42,425.8
2025-10-13 16:51:00,27.73,71.78,350.8
2025-10-13 16:52:00,27.06,74.14,284.1
2025-10-13 16:53:00,28.0,71.87,245.8
2025-10-13 16:54:00,27.45,73.19,230.8
2025-10-13 16:55:00,28.28,71.03,230.8
2025-10-13 16:56:00,28.34,70.51,215.8
2025-10-13 16:57:00,28.45,70.37,194.1
2025-10-13 16:58:00,27.93,71.76,201.6
2025-10-13 16:59:00,28.19,71.11,209.1
2025-10-13 17:00:00,28.08,71.19,224.9
2025-10-13 17:01:00,28.35,70.24,229.9
2025-10-13 17:02:00,28.15,71.1,222.4
2025-10-13 17:03:00,28.26,71.12,223.3
2025-10-13 17:04:00,28.15,71.1,233.3
2025-10-13 17:05:00,27.97,71.86,252.4
2025-10-13 17:06:00,28.44,70.62,264.1
2025-10-13 17:07:00,28.39,70.6,255.8
2025-10-13 17:08:00,28.59,70.07,254.9
2025-10-13 17:09:00,28.45,70.18,289.1
2025-10-13 17:10:00,28.42,70.51,315.0
2025-10-13 17:11:00,28.55,70.24,285.8
2025-10-13 17:12:00,28.46,70.46,267.5
2025-10-13 17:13:00,28.22,71.16,252.4
2025-10-13 17:14:00,28.6,70.05,226.6
2025-10-13 17:15:00,28.64,70.04,199.1
2025-10-13 17:16:00,28.35,70.81,166.6
2025-10-13 17:17:00,28.52,70.35,137.5
2025-10-13 17:18:00,28.6,70.22,122.4
2025-10-13 17:19:00,28.45,70.4,116.6
2025-10-13 17:20:00,28.31,70.96,109.9
2025-10-13 17:21:00,28.22,71.08,104.9
2025-10-13 17:22:00,28.53,70.26,103.3
2025-10-13 17:23:00,28.56,70.01,104.1
2025-10-13 17:24:00,28.29,70.89,95.8
2025-10-13 17:25:00,28.15,71.26,85.0
2025-10-13 17:26:00,27.7,72.4,85.0
2025-10-13 17:27:00,27.78,72.54,83.3
2025-10-13 17:28:00,27.73,72.97,75.0
2025-10-13 17:29:00,28.28,71.22,65.8
2025-10-13 17:30:00,28.41,70.66,57.4
2025-10-13 17:31:00,28.51,70.48,47.5
2025-10-13 17:32:00,28.22,71.41,38.3
2025-10-13 17:33:00,28.32,71.15,34.1
2025-10-13 17:34:00,28.24,71.56,35.0
2025-10-13 17:35:00,27.73,72.6,33.3
2025-10-13 17:36:00,27.12,74.25,32.5
2025-10-13 17:37:00,27.26,74.29,32.5
2025-10-13 17:38:00,27.08,74.47,35.0
2025-10-13 17:39:00,27.25,74.73,36.6
2025-10-13 17:40:00,27.86,72.58,35.8
2025-10-13 17:41:00,27.96,72.26,35.0
2025-10-13 17:42:00,27.29,74.19,35.0
2025-10-13 17:43:00,27.25,74.4,31.6
2025-10-13 17:44:00,27.47,73.94,25.8
2025-10-13 17:45:00,27.7,73.42,22.5
2025-10-13 17:46:00,27.4,74.04,21.6
2025-10-13 17:47:00,27.45,73.86,21.6
2025-10-13 17:48:00,27.43,73.87,21.6
2025-10-13 17:49:00,27.6,73.61,20.8
2025-10-13 17:50:00,27.56,73.79,20.8
2025-10-13 17:51:00,27.45,73.72,20.8
2025-10-13 17:52:00,27.74,73.17,18.3
2025-10-13 17:53:00,27.25,74.11,15.8
2025-10-13 17:54:00,27.02,75.33,14.1
2025-10-13 17:55:00,26.8,75.86,12.4
2025-10-13 17:56:00,26.6,76.37,10.0
2025-10-13 17:57:00,26.4,76.85,8.3
2025-10-13 17:58:00,26.81,76.01,6.6
2025-10-13 17:59:00,27.15,74.86,6.6
2025-10-13 18:00:00,26.74,75.87,5.8
2025-10-13 18:01:00,27.01,75.32,5.0
2025-10-13 18:02:00,27.21,74.58,3.3
2025-10-13 18:03:00,26.5,76.9,3.3
2025-10-13 18:04:00,27.11,75.0,2.5
2025-10-13 18:05:00,26.9,75.21,1.6
2025-10-13 18:06:00,26.41,76.87,1.6
2025-10-13 18:07:00,26.03,77.89,1.6
2025-10-13 18:08:00,26.54,76.87,1.6
2025-10-13 18:09:00,26.87,75.55,0.8
2025-10-13 18:10:00,26.46,76.6,0.8
2025-10-13 18:11:00,26.75,76.15,0.8
2025-10-13 18:12:00,26.32,76.89,0.8
2025-10-13 18:13:00,26.13,77.69,0.8
2025-10-13 18:14:00,26.25,77.6,0.0
2025-10-13 18:15:00,26.26,77.5,0.0
2025-10-13 18:16:00,26.67,76.35,0.0
2025-10-13 18:17:00,26.61,76.11,0.0
2025-10-13 18:18:00,26.36,77.03,0.0
2025-10-13 18:19:00,26.39,77.05,0.0
2025-10-13 18:20:00,26.7,76.18,0.0
2025-10-13 18:21:00,26.33,77.39,0.0
2025-10-13 18:22:00,26.57,76.73,0.0
2025-10-13 18:23:00,26.8,76.01,0.0
2025-10-13 18:24:00,26.77,75.98,0.0
2025-10-13 18:25:00,26.54,76.25,0.0
2025-10-13 18:26:00,26.58,76.44,0.0
2025-10-13 18:27:00,26.73,75.89,0.0
2025-10-13 18:28:00,26.2,77.67,0.0
2025-10-13 18:29:00,26.3,77.65,0.0
2025-10-13 18:30:00,26.61,76.57,0.0
2025-10-13 18:31:00,26.7,76.3,0.0
2025-10-13 18:32:00,26.51,76.33,0.0
2025-10-13 18:33:00,26.58,76.55,0.0
2025-10-13 18:34:00,26.74,76.22,0.0
2025-10-13 18:35:00,26.56,76.31,0.0
2025-10-13 18:36:00,26.32,77.5,0.0
2025-10-13 18:37:00,26.26,77.66,0.0
2025-10-13 18:38:00,26.6,76.68,0.0
2025-10-13 18:39:00,26.85,76.06,0.0
2025-10-13 18:40:00,26.94,75.66,0.0
2025-10-13 18:41:00,26.96,75.62,0.0
2025-10-13 18:42:00,26.74,76.08,0.0
2025-10-13 18:43:00,26.78,76.16,0.0
2025-10-13 18:44:00,26.27,77.42,0.0
2025-10-13 18:45:00,26.39,77.61,0.0
2025-10-13 18:46:00,26.61,77.01,0.0
2025-10-13 18:47:00,26.25,77.87,0.0
2025-10-13 18:48:00,26.65,76.62,0.0
2025-10-13 18:49:00,26.29,77.33,0.0
2025-10-13 18:50:00,26.25,77.81,0.0
2025-10-13 18:51:00,26.47,77.58,0.0
2025-10-13 18:52:00,26.26,77.87,0.0
2025-10-13 18:53:00,26.05,78.58,0.0
2025-10-13 18:54:00,26.25,77.83,0.0
2025-10-13 18:55:00,26.48,77.33,0.0
2025-10-13 18:56:00,26.73,76.69,0.0
2025-10-13 18:57:00,26.39,77.85,0.0
2025-10-13 18:58:00,26.58,77.08,0.0
2025-10-13 18:59:00,26.67,76.9,0.0
2025-10-13 19:00:00,26.63,76.71,0.0
2025-10-13 19:01:00,26.64,76.91,0.0
2025-10-13 19:02:00,26.43,77.11,0.0
2025-10-13 19:03:00,26.19,78.08,0.0
2025-10-13 19:04:00,25.85,79.1,0.0
2025-10-13 19:05:00,25.93,79.19,0.0
2025-10-13 19:06:00,26.19,78.44,0.0
2025-10-13 19:07:00,26.23,78.35,0.0
2025-10-13 19:08:00,26.22,78.25,0.0
2025-10-13 19:09:00,26.35,77.97,0.0
2025-10-13 19:10:00,26.33,78.01,0.0
2025-10-13 19:11:00,26.78,76.67,0.0
2025-10-13 19:12:00,26.95,76.11,0.0
2025-10-13 19:13:00,26.94,76.06,0.0
2025-10-13 19:14:00,26.95,76.12,0.0
2025-10-13 19:15:00,26.83,76.43,0.0
2025-10-13 19:16:00,26.63,77.12,0.0
2025-10-13 19:17:00,26.37,78.07,0.0
2025-10-13 19:18:00,26.1,78.54,0.0
2025-10-13 19:19:00,26.22,78.26,0.0
2025-10-13 19:20:00,26.46,77.51,0.0
2025-10-13 19:21:00,26.36,77.82,0.0
2025-10-13 19:22:00,26.2,78.46,0.0
2025-10-13 19:23:00,26.41,77.83,0.0
2025-10-13 19:24:00,26.73,77.12,0.0
2025-10-13 19:25:00,26.64,76.94,0.0
2025-10-13 19:26:00,26.19,78.35,0.0
2025-10-13 19:27:00,26.6,77.67,0.0
2025-10-13 19:28:00,26.32,77.94,0.0
2025-10-13 19:29:00,26.29,78.12,0.0
2025-10-13 19:30:00,26.41,77.8,0.0
2025-10-13 19:31:00,26.19,78.56,0.0
2025-10-13 19:32:00,26.3,78.41,0.0
2025-10-13 19:33:00,26.16,78.85,0.0
2025-10-13 19:34:00,26.37,77.94,0.0
2025-10-13 19:35:00,26.18,78.73,0.0
2025-10-13 19:36:00,26.5,77.51,0.0
2025-10-13 19:37:00,26.22,78.62,0.0
2025-10-13 19:38:00,26.63,77.32,0.0
2025-10-13 19:39:00,26.22,78.67,0.0
2025-10-13 19:40:00,26.5,78.06,0.0
2025-10-13 19:41:00,26.19,78.49,0.0
2025-10-13 19:42:00,25.93,79.41,0.0
2025-10-13 19:43:00,26.35,78.66,0.0
2025-10-13 19:44:00,25.92,79.26,0.0
2025-10-13 19:45:00,25.93,79.58,0.0
2025-10-13 19:46:00,25.98,79.15,0.0
2025-10-13 19:47:00,26.1,78.64,0.0
2025-10-13 19:48:00,25.96,79.51,0.0
2025-10-13 19:49:00,26.64,77.36,0.0
2025-10-13 19:50:00,26.48,77.87,0.0
2025-10-13 19:51:00,26.33,78.3,0.0
2025-10-13 19:52:00,26.51,78.01,0.0
2025-10-13 19:53:00,26.57,77.51,0.0
2025-10-13 19:54:00,26.32,78.26,0.0
2025-10-13 19:55:00,26.32,78.4,0.0
2025-10-13 19:56:00,26.1,78.94,0.0
2025-10-13 19:57:00,26.18,78.87,0.0
2025-10-13 19:58:00,26.29,78.36,0.0
2025-10-13 19:59:00,26.02,79.18,0.0
2025-10-13 20:00:00,26.16,79.01,0.0
2025-10-13 20:01:00,26.27,78.76,0.0
2025-10-13 20:02:00,26.39,78.01,0.0
2025-10-13 20:03:00,26.18,79.14,0.0
2025-10-13 20:04:00,26.37,78.1,0.0
2025-10-13 20:05:00,26.13,79.01,0.0
2025-10-13 20:06:00,26.4,78.5,0.0
2025-10-13 20:07:00,26.32,78.28,0.0
2025-10-13 20:08:00,25.91,79.62,0.0
2025-10-13 20:09:00,26.44,78.23,0.0
2025-10-13 20:10:00,25.93,79.51,0.0
2025-10-13 20:11:00,26.12,78.67,0.0
2025-10-13 20:12:00,25.93,79.65,0.0
2025-10-13 20:13:00,26.09,78.99,0.0
2025-10-13 20:14:00,26.12,78.83,0.0
2025-10-13 20:15:00,25.98,79.53,0.0
2025-10-13 20:16:00,26.13,79.18,0.0
2025-10-13 20:17:00,26.43,77.62,0.0
2025-10-13 20:18:00,25.93,79.6,0.0
2025-10-13 20:19:00,25.92,79.57,0.0
2025-10-13 20:20:00,25.84,79.62,0.0
2025-10-13 20:21:00,25.98,79.01,0.0
2025-10-13 20:22:00,25.78,79.76,0.0
2025-10-13 20:23:00,26.1,79.12,0.0
2025-10-13 20:24:00,26.03,78.85,0.0
2025-10-13 20:25:00,25.86,79.57,0.0
2025-10-13 20:26:00,25.89,79.35,0.0
2025-10-13 20:27:00,26.19,78.76,0.0
2025-10-13 20:28:00,26.06,79.3,0.0
2025-10-13 20:29:00,25.96,79.39,0.0
2025-10-13 20:30:00,25.88,79.55,0.0
2025-10-13 20:31:00,25.77,79.71,0.0
2025-10-13 20:32:00,25.85,79.81,0.0
2025-10-13 20:33:00,26.2,78.35,0.0
2025-10-13 20:34:00,25.98,79.25,0.0
2025-10-13 20:35:00,25.77,79.74,0.0
2025-10-13 20:36:00,25.91,79.64,0.0
2025-10-13 20:37:00,25.81,79.68,0.0
2025-10-13 20:38:00,26.02,78.8,0.0
2025-10-13 20:39:00,25.81,79.83,0.0
2025-10-13 20:40:00,25.92,79.41,0.0
2025-10-13 20:41:00,25.91,79.06,0.0
2025-10-13 20:42:00,25.75,79.83,0.0
2025-10-13 20:43:00,25.77,79.68,0.0
2025-10-13 20:44:00,25.86,79.51,0.0
2025-10-13 20:45:00,26.0,79.12,0.0
2025-10-13 20:46:00,25.82,79.57,0.0
2025-10-13 20:47:00,25.99,79.11,0.0
2025-10-13 20:48:00,25.84,79.51,0.0
2025-10-13 20:49:00,26.15,78.74,0.0
2025-10-13 20:50:00,25.95,79.32,0.0
2025-10-13 20:51:00,25.95,79.26,0.0
2025-10-13 20:52:00,26.12,78.69,0.0
2025-10-13 20:53:00,26.12,78.85,0.0
2025-10-13 20:54:00,26.2,78.35,0.0
2025-10-13 20:55:00,26.19,78.51,0.0
2025-10-13 20:56:00,26.32,78.11,0.0
2025-10-13 20:57:00,25.92,79.32,0.0
2025-10-13 20:58:00,25.65,80.04,0.0
2025-10-13 20:59:00,25.7,80.19,0.0
2025-10-13 21:00:00,26.12,79.06,0.0
2025-10-13 21:01:00,26.18,78.22,0.0
2025-10-13 21:02:00,25.86,79.61,0.0
2025-10-13 21:03:00,25.98,79.08,0.0
2025-10-13 21:04:00,25.74,79.54,0.0
2025-10-13 21:05:00,25.85,79.43,0.0
2025-10-13 21:06:00,26.16,78.93,0.0
2025-10-13 21:07:00,26.33,77.98,0.0
2025-10-13 21:08:00,26.36,77.99,0.0
2025-10-13 21:09:00,26.02,78.75,0.0
2025-10-13 21:10:00,26.02,79.12,0.0
2025-10-13 21:11:00,25.85,79.36,0.0
2025-10-13 21:12:00,25.86,79.36,0.0
2025-10-13 21:13:00,25.68,80.08,0.0
2025-10-13 21:14:00,25.57,80.37,0.0
2025-10-13 21:15:00,25.88,79.42,0.0
2025-10-13 21:16:00,25.74,79.78,0.0
2025-10-13 21:17:00,25.78,79.61,0.0
2025-10-13 21:18:00,25.5,80.51,0.0
2025-10-13 21:19:00,25.72,80.12,0.0
2025-10-13 21:20:00,26.26,78.44,0.0
2025-10-13 21:21:00,26.27,78.11,0.0
2025-10-13 21:22:00,25.82,79.58,0.0
2025-10-13 21:23:00,25.95,78.92,0.0
2025-10-13 21:24:00,26.27,78.44,0.0
2025-10-13 21:25:00,26.06,78.58,0.0
2025-10-13 21:26:00,26.13,78.69,0.0
2025-10-13 21:27:00,25.89,79.18,0.0
2025-10-13 21:28:00,25.99,79.17,0.0
2025-10-13 21:29:00,25.65,80.01,0.0
2025-10-13 21:30:00,25.72,79.86,0.0
2025-10-13 21:31:00,26.06,78.94,0.0
2025-10-13 21:32:00,26.16,78.73,0.0
2025-10-13 21:33:00,26.39,78.08,0.0
2025-10-13 21:34:00,26.48,77.48,0.0
2025-10-13 21:35:00,26.44,77.79,0.0
2025-10-13 21:36:00,26.44,77.58,0.0
2025-10-13 21:37:00,26.27,78.31,0.0
2025-10-13 21:38:00,25.81,79.49,0.0
2025-10-13 21:39:00,25.88,79.08,0.0
2025-10-13 21:40:00,25.7,79.8,0.0
2025-10-13 21:41:00,26.23,78.19,0.0
2025-10-13 21:42:00,26.15,78.05,0.0
2025-10-13 21:43:00,26.03,78.53,0.0
2025-10-13 21:44:00,26.13,78.28,0.0
2025-10-13 21:45:00,26.03,78.62,0.0
2025-10-13 21:46:00,26.08,78.71,0.0
2025-10-13 21:47:00,26.47,77.35,0.0
2025-10-13 21:48:00,26.56,77.06,0.0
2025-10-13 21:49:00,26.23,77.79,0.0
2025-10-13 21:50:00,25.65,79.67,0.0
2025-10-13 21:51:00,25.93,79.42,0.0
2025-10-13 21:52:00,25.5,80.25,0.0
2025-10-13 21:53:00,25.57,80.12,0.0
2025-10-13 21:54:00,26.09,78.76,0.0
2025-10-13 21:55:00,25.71,79.53,0.0
2025-10-13 21:56:00,25.68,79.71,0.0
2025-10-13 21:57:00,25.52,80.26,0.0
2025-10-13 21:58:00,25.62,79.97,0.0
2025-10-13 21:59:00,25.3,80.72,0.0
2025-10-13 22:00:00,25.68,79.44,0.0
2025-10-13 22:01:00,25.34,80.56,0.0
2025-10-13 22:02:00,25.61,79.76,0.0
2025-10-13 22:03:00,25.52,80.14,0.0
2025-10-13 22:04:00,25.37,80.55,0.0
2025-10-13 22:05:00,25.58,80.03,0.0
2025-10-13 22:06:00,25.58,80.1,0.0
2025-10-13 22:07:00,25.6,80.03,0.0
2025-10-13 22:08:00,25.23,80.79,0.0
2025-10-13 22:09:00,25.57,79.83,0.0
2025-10-13 22:10:00,25.62,79.44,0.0
2025-10-13 22:11:00,25.6,79.72,0.0
2025-10-13 22:12:00,25.5,79.83,0.0
2025-10-13 22:13:00,25.61,79.51,0.0
2025-10-13 22:14:00,25.38,80.12,0.0
2025-10-13 22:15:00,25.82,78.41,0.0
2025-10-13 22:16:00,25.52,79.58,0.0
2025-10-13 22:17:00,25.41,79.76,0.0
2025-10-13 22:18:00,25.65,78.91,0.0
2025-10-13 22:19:00,25.61,78.8,0.0
2025-10-13 22:20:00,25.47,79.37,0.0
2025-10-13 22:21:00,25.31,79.97,0.0
2025-10-13 22:22:00,25.95,78.14,0.0
2025-10-13 22:23:00,25.57,79.05,0.0
2025-10-13 22:24:00,25.61,78.99,0.0
2025-10-13 22:25:00,25.38,79.76,0.0
2025-10-13 22:26:00,25.41,79.46,0.0
2025-10-13 22:27:00,25.41,79.37,0.0
2025-10-13 22:28:00,25.78,78.28,0.0
2025-10-13 22:29:00,25.19,79.62,0.0
2025-10-13 22:30:00,25.23,79.71,0.0
2025-10-13 22:31:00,25.51,78.89,0.0
2025-10-13 22:32:00,25.27,79.51,0.0
2025-10-13 22:33:00,25.45,79.04,0.0
2025-10-13 22:34:00,25.67,78.07,0.0
2025-10-13 22:35:00,25.44,78.99,0.0
2025-10-13 22:36:00,25.45,78.92,0.0
2025-10-13 22:37:00,25.19,79.33,0.0
2025-10-13 22:38:00,25.03,79.78,0.0
2025-10-13 22:39:00,25.5,78.76,0.0
2025-10-13 22:40:00,25.26,78.74,0.0
2025-10-13 22:41:00,25.07,79.44,0.0
2025-10-13 22:42:00,25.48,78.08,0.0
2025-10-13 22:43:00,25.31,78.53,0.0
2025-10-13 22:44:00,25.24,79.01,0.0
2025-10-13 22:45:00,25.37,78.17,0.0
2025-10-13 22:46:00,25.33,78.51,0.0
2025-10-13 22:47:00,25.17,78.85,0.0
2025-10-13 22:48:00,25.16,78.67,0.0
2025-10-13 22:49:00,25.55,77.86,0.0
2025-10-13 22:50:00,25.06,78.64,0.0
2025-10-13 22:51:00,25.26,78.81,0.0
2025-10-13 22:52:00,25.22,78.31,0.0
2025-10-13 22:53:00,25.05,78.99,0.0
2025-10-13 22:54:00,25.34,78.07,0.0
2025-10-13 22:55:00,25.1,79.16,0.0
2025-10-13 22:56:00,25.37,77.96,0.0
2025-10-13 22:57:00,24.92,79.03,0.0
2025-10-13 22:58:00,25.2,78.36,0.0
2025-10-13 22:59:00,24.92,79.43,0.0
2025-10-13 23:00:00,25.1,78.83,0.0
2025-10-13 23:01:00,25.19,78.65,0.0
2025-10-13 23:02:00,25.54,77.15,0.0
2025-10-13 23:03:00,24.93,78.65,0.0
2025-10-13 23:04:00,24.82,79.44,0.0
2025-10-13 23:05:00,25.3,77.76,0.0
2025-10-13 23:06:00,25.45,77.4,0.0
2025-10-13 23:07:00,24.95,78.76,0.0
2025-10-13 23:08:00,25.06,78.81,0.0
2025-10-13 23:09:00,25.35,77.37,0.0
2025-10-13 23:10:00,24.82,78.87,0.0
2025-10-13 23:11:00,24.85,78.94,0.0
2025-10-13 23:12:00,24.85,78.78,0.0
2025-10-13 23:13:00,25.06,78.75,0.0
2025-10-13 23:14:00,25.65,76.67,0.0
2025-10-13 23:15:00,25.0,78.25,0.0
2025-10-13 23:16:00,24.76,79.08,0.0
2025-10-13 23:17:00,24.78,78.96,0.0
2025-10-13 23:18:00,24.61,79.16,0.0
2025-10-13 23:19:00,24.54,79.58,0.0
2025-10-13 23:20:00,24.65,78.83,0.0
2025-10-13 23:21:00,25.02,78.43,0.0
2025-10-13 23:22:00,24.78,78.46,0.0
2025-10-13 23:23:00,24.72,78.6,0.0
2025-10-13 23:24:00,24.79,78.36,0.0
2025-10-13 23:25:00,24.55,79.12,0.0
2025-10-13 23:26:00,25.03,78.17,0.0
2025-10-13 23:27:00,25.19,77.35,0.0
2025-10-13 23:28:00,24.57,79.11,0.0
2025-10-13 23:29:00,24.82,78.55,0.0
2025-10-13 23:30:00,24.85,78.22,0.0
2025-10-13 23:31:00,25.03,77.93,0.0
2025-10-13 23:32:00,24.61,79.03,0.0
2025-10-13 23:33:00,24.59,78.76,0.0
2025-10-13 23:34:00,25.06,77.82,0.0
2025-10-13 23:35:00,24.66,78.31,0.0
2025-10-13 23:36:00,24.93,77.73,0.0
2025-10-13 23:37:00,24.61,78.69,0.0
2025-10-13 23:38:00,24.79,78.21,0.0
2025-10-13 23:39:00,24.55,78.98,0.0
2025-10-13 23:40:00,24.58,78.69,0.0
2025-10-13 23:41:00,24.65,78.55,0.0
2025-10-13 23:42:00,24.89,78.01,0.0
2025-10-13 23:43:00,25.37,76.51,0.0
2025-10-13 23:44:00,24.54,78.53,0.0
2025-10-13 23:45:00,24.44,79.01,0.0
2025-10-13 23:46:00,24.27,79.23,0.0
2025-10-13 23:47:00,24.72,78.3,0.0
2025-10-13 23:48:00,24.38,78.72,0.0
2025-10-13 23:49:00,24.41,78.98,0.0
2025-10-13 23:50:00,24.3,79.11,0.0
2025-10-13 23:51:00,24.35,78.96,0.0
2025-10-13 23:52:00,24.38,78.76,0.0
2025-10-13 23:53:00,24.59,78.62,0.0
2025-10-13 23:54:00,24.54,78.18,0.0
2025-10-13 23:55:00,24.78,77.9,0.0
2025-10-13 23:56:00,25.0,77.17,0.0
2025-10-13 23:57:00,24.86,77.16,0.0
2025-10-13 23:58:00,24.87,77.0,0.0
2025-10-13 23:59:00,25.0,77.14,0.0
